{"cameraMode":{"drawMode":0,"name":"Shaded","section":"Shading Mode"},"sceneLighting":false,"audioPlay":false,"sceneViewState":{"m_AlwaysRefresh":false,"showFog":true,"showSkybox":false,"showFlares":true,"showImageEffects":true,"showParticleSystems":true,"showVisualEffectGraphs":true,"m_FxEnabled":true},"in2DMode":false,"pivot":{"x":1.0071663856506348,"y":0.8580793142318726,"z":1.2439191341400147},"rotation":{"x":0.04442008584737778,"y":-0.9287000894546509,"z":0.11832946538925171,"w":0.34862807393074038},"size":1.7369853258132935,"orthographic":true}