{"cameraMode":{"drawMode":0,"name":"Shaded","section":"Shading Mode"},"sceneLighting":false,"audioPlay":false,"sceneViewState":{"m_AlwaysRefresh":false,"showFog":true,"showSkybox":false,"showFlares":true,"showImageEffects":true,"showParticleSystems":true,"showVisualEffectGraphs":true,"m_FxEnabled":true},"in2DMode":false,"pivot":{"x":-0.41544827818870547,"y":0.28621816635131838,"z":-0.042747676372528079},"rotation":{"x":0.013054846785962582,"y":-0.7365643382072449,"z":0.014222473837435246,"w":0.6760923862457275},"size":0.8463047742843628,"orthographic":false}