{"cameraMode":{"drawMode":0,"name":"Shaded","section":"Shading Mode"},"sceneLighting":false,"audioPlay":false,"sceneViewState":{"m_AlwaysRefresh":false,"showFog":true,"showSkybox":false,"showFlares":true,"showImageEffects":true,"showParticleSystems":true,"showVisualEffectGraphs":true,"m_FxEnabled":true},"in2DMode":false,"pivot":{"x":0.06124091148376465,"y":-0.11417996883392334,"z":-1.712890878025064e-7},"rotation":{"x":0.1015985757112503,"y":-0.6997698545455933,"z":0.10159861296415329,"w":0.6997698545455933},"size":0.8463047742843628,"orthographic":false}