{"cameraMode":{"drawMode":0,"name":"Shaded","section":"Shading Mode"},"sceneLighting":false,"audioPlay":false,"sceneViewState":{"m_AlwaysRefresh":false,"showFog":true,"showSkybox":false,"showFlares":true,"showImageEffects":true,"showParticleSystems":true,"showVisualEffectGraphs":true,"m_FxEnabled":true},"in2DMode":false,"pivot":{"x":-0.1722516417503357,"y":1.6630148887634278,"z":0.22227370738983155},"rotation":{"x":0.0009453147067688406,"y":-0.9988706111907959,"z":0.041791535913944247,"w":0.02259429730474949},"size":0.9527124166488648,"orthographic":false}