{"cameraMode":{"drawMode":0,"name":"Shaded","section":"Shading Mode"},"sceneLighting":false,"audioPlay":false,"sceneViewState":{"m_AlwaysRefresh":false,"showFog":true,"showSkybox":false,"showFlares":true,"showImageEffects":true,"showParticleSystems":true,"showVisualEffectGraphs":true,"m_FxEnabled":true},"in2DMode":false,"pivot":{"x":-1.262351632118225,"y":1.5387637615203858,"z":-0.0060906182043254379},"rotation":{"x":-0.03856170177459717,"y":0.8169605731964111,"z":-0.05500208958983421,"w":-0.5727682709693909},"size":1.3776131868362427,"orthographic":false}