{"cameraMode":{"drawMode":0,"name":"Shaded","section":"Shading Mode"},"sceneLighting":false,"audioPlay":false,"sceneViewState":{"m_AlwaysRefresh":false,"showFog":true,"showSkybox":true,"showFlares":true,"showImageEffects":true,"showParticleSystems":true,"showVisualEffectGraphs":true,"m_FxEnabled":true},"in2DMode":false,"pivot":{"x":-3.3385396003723146,"y":-10.984187126159668,"z":-16.390668869018556},"rotation":{"x":0.0819573700428009,"y":-0.9176914095878601,"z":0.28761860728263857,"w":0.26165100932121279},"size":13.556654930114746,"orthographic":false}