{"cameraMode":{"drawMode":0,"name":"Shaded","section":"Shading Mode"},"sceneLighting":true,"audioPlay":false,"sceneViewState":{"m_AlwaysRefresh":false,"showFog":true,"showSkybox":true,"showFlares":true,"showImageEffects":true,"showParticleSystems":true,"showVisualEffectGraphs":true,"m_FxEnabled":true},"in2DMode":false,"pivot":{"x":-44.022308349609378,"y":-12.220081329345704,"z":-20.92875099182129},"rotation":{"x":0.07326982170343399,"y":-0.8352660536766052,"z":0.11487787961959839,"w":0.5327134132385254},"size":30.830684661865236,"orthographic":false}