{"cameraMode":{"drawMode":0,"name":"Shaded","section":"Shading Mode"},"sceneLighting":true,"audioPlay":false,"sceneViewState":{"m_AlwaysRefresh":false,"showFog":true,"showSkybox":true,"showFlares":true,"showImageEffects":true,"showParticleSystems":true,"showVisualEffectGraphs":true,"m_FxEnabled":true},"in2DMode":false,"pivot":{"x":-0.3272802531719208,"y":1.112619400024414,"z":0.9297603964805603},"rotation":{"x":0.21168792247772218,"y":-0.039847224950790408,"z":0.008564723655581475,"w":0.9765337109565735},"size":2.5557689666748049,"orthographic":false}