{"cameraMode":{"drawMode":0,"name":"Shaded","section":"Shading Mode"},"sceneLighting":false,"audioPlay":false,"sceneViewState":{"m_AlwaysRefresh":false,"showFog":true,"showSkybox":false,"showFlares":true,"showImageEffects":true,"showParticleSystems":true,"showVisualEffectGraphs":true,"m_FxEnabled":true},"in2DMode":false,"pivot":{"x":-0.7630378603935242,"y":0.1715995967388153,"z":0.8035503625869751},"rotation":{"x":-0.08316591382026673,"y":0.9150450229644775,"z":-0.24757768213748933,"w":-0.30738067626953127},"size":0.6358428001403809,"orthographic":false}